,supervoxel_id,root_id,pos_x,pos_y,pos_z,soma_x,soma_y,soma_z,nucleus_id,flow,super_class,cell_class,cell_sub_class,supertype,cell_type,hemibrain_type,ito_lee_hemilineage,hartenstein_hemilineage,top_nt,top_nt_conf,known_nt,known_nt_source,side,nerve,vfb_id,fbbt_id,status,dimorphism,matching_notes,fru_dsx,synonyms
575,8.20518800585212e+16,720575940622263275,165923.0,35219.0,1997.0,163424.0,31600.0,1740.0,6679785.0,intrinsic,central,,,23691.0,AVLP055,AVLP055,VLPd&p1_dorsal,DPLl2_anterior,glutamate,0.727250706961385,gaba-negative,"Ito et al., 2013 (immuno, lineage based)",right,,fw000582,FBbt_20000164,,isomorphic,,,
3287,7.81121925910335e+16,720575940630071803,108618.0,49436.0,2715.0,101768.0,48856.0,2083.0,2434749.0,intrinsic,central,,,11252.0,PVLP028,PVLP028,VLPa2,DALv1,gaba,0.668932309406919,,,left,,fw003523,,,isomorphic,,,
3912,7.86760361659744e+16,720575940620263088,117147.0,63079.0,4673.0,111944.0,73432.0,1761.0,3140035.0,intrinsic,central,,,15793.0,CB1785,,LALv1_ventral,BAmv1_ventral,gaba,0.609634912295857,,,left,,fw004172,,,isomorphic,,,
4733,8.25459736325816e+16,720575940640890968,173312.0,57136.0,5713.0,173312.0,57136.0,5713.0,7400714.0,intrinsic,visual_projection,,,,LPC1,LPC1,,,acetylcholine,0.671466908682383,acetylcholine,"Davis et al., 2020 (TAPIN)",right,,fw005001,FBbt_00111767,,isomorphic,,,
4818,7.67767669996301e+16,720575940622467307,89848.0,72952.0,2961.0,89848.0,72952.0,2961.0,1938098.0,intrinsic,central,,,11119.0,CB1955,,VLPl1_or_VLPl5,BLVa3_or_4,acetylcholine,0.868475505483241,,,left,,fw005086,,,isomorphic,,,
4845,7.79003994996686e+16,720575940615228502,105839.0,39348.0,5569.0,103968.0,40736.0,5629.0,2406880.0,intrinsic,central,Kenyon_Cell,KCab,11862.0,KCab,KCab-s,MBp3,MBp3,dopamine,0.581365516194973,"acetylcholine; sNPF; acetylcholine, sNPF","Barnstedt et al. 2016 (immuno, RNAi); Johard et al. (immuno); Aso et al. 2019 (scRNA-seq)",left,,fw005113,FBbt_00100248,,isomorphic,,,
4874,7.97291617444259e+16,720575940625323962,132876.0,27050.0,1714.0,130208.0,24248.0,1396.0,4361272.0,intrinsic,central,,,30808.0,CB1967,,SMPad3,DAMd1,glutamate,0.853704271952765,,,left,,fw005142,,,isomorphic,,,
5061,8.19846038914734e+16,720575940616394719,165624.0,81120.0,3090.0,165624.0,81120.0,3090.0,7160823.0,intrinsic,visual_projection,,,,LC26,LC26,,,acetylcholine,0.65307719604772,,,right,,fw005332,FBbt_00111761,,isomorphic,,,
5991,8.16304234399655e+16,720575940611160755,160672.0,45792.0,1052.0,160672.0,45792.0,1052.0,6815196.0,intrinsic,central,,,29662.0,CB2147,CRE003_b,AOTUv4_dorsal,DALcl2_dorsal,acetylcholine,0.793694955447813,gaba-negative,"Ito et al., 2013 (immuno, lineage based)",right,,fw006258,,,isomorphic,,,
6555,8.27563924021645e+16,720575940620129961,176935.0,46918.0,3812.0,183208.0,41096.0,3436.0,7618190.0,intrinsic,central,,,25728.0,PLP104,PLP104,LHl4_posterior,BLD1_posterior,acetylcholine,0.848257512796266,,,right,,fw006824,FBbt_20001604,,isomorphic,,,
6729,8.18418049536306e+16,720575940617874085,163057.0,50461.0,4559.0,165224.0,45760.0,5135.0,7084332.0,intrinsic,central,,,40643.0,CB2216,"AOTU056,AOTU057",DL1_ventral,CP2_ventral,gaba,0.678196845531806,,,right,,fw006998,,,isomorphic,,,
7431,7.62116870781995e+16,720575940617101580,81424.0,40840.0,5439.0,81424.0,40840.0,5439.0,1455323.0,intrinsic,visual_projection,,,15074.0,LTe06,hb666843305,VPNp&v1_posterior,BLP1_posterior,acetylcholine,0.91262330607715,,,left,,fw007700,,,isomorphic,,,
8601,8.07847619621002e+16,720575940613071587,147504.0,27744.0,4261.0,147504.0,27744.0,4261.0,5642264.0,intrinsic,central,Kenyon_Cell,KCg,14292.0,KCg-m,KCg-m,MBp1,MBp1,dopamine,0.8141177631355,"acetylcholine; sNPF; acetylcholine, sNPF","Barnstedt et al. 2016 (immuno); Johard et al., 2008 (immuno); Aso et al. 2019 (scRNA-seq)",right,,fw008869,FBbt_00111061,,isomorphic,,,
8931,7.69875297688561e+16,720575940616303956,92800.0,67256.0,3646.0,92800.0,67256.0,3646.0,2122565.0,intrinsic,visual_projection,,,13253.0,LC17,LC17,VPNv1,,acetylcholine,0.35413851649069,,,left,,fw009199,FBbt_00111752,,isomorphic,,,
9317,7.71976053437057e+16,720575940614132074,95901.0,52555.0,4868.0,97032.0,49224.0,5541.0,2091487.0,intrinsic,central,,,14400.0,CB1549,,VLPp1,BLP2,glutamate,0.750245244200156,,,left,,fw009580,,,isomorphic,,,
9364,8.19120359229086e+16,720575940619938031,163924.0,48623.0,1672.0,173416.0,49072.0,1425.0,7368771.0,intrinsic,central,,,10897.0,AVLP235,AVLP235,VLPl&d1_dorsal,BLAv1_medial,acetylcholine,0.73300647203505,,,right,,fw009628,,,isomorphic,,,
9561,7.90966680163968e+16,720575940638843776,123768.0,38831.0,4516.0,123808.0,31864.0,4793.0,4399184.0,intrinsic,central,CX,columnar,11512.0,vDeltaM,vDeltaM,DM2_CX_v,DPMpm1_CX_v,acetylcholine,0.448821323079993,,,left,,fw009825,,,isomorphic,,,
10936,7.6634311725488e+16,720575940623433804,87204.0,47651.0,4121.0,84760.0,44592.0,4032.0,1814638.0,intrinsic,central,,,14828.0,WED041b,WED041,SLPa&l1_lateral,BLAvm_posterior,acetylcholine,0.381252662009428,,,left,,fw011198,,,isomorphic,,,
11471,7.69171613606752e+16,720575940615452926,91280.0,68032.0,6569.0,91280.0,68032.0,6569.0,2127384.0,intrinsic,visual_projection,,,,LLPC3,LLPC3,,,acetylcholine,0.829893721548704,,,left,,fw011733,,,isomorphic,,,
11699,7.87450993074806e+16,720575940622315914,118376.0,42632.0,5391.0,118376.0,42632.0,5391.0,3673272.0,intrinsic,central,CX,columnar,41385.0,FS3,FS3,DM4_CX_d1,CM4_CX_d1,acetylcholine,0.696808147968939,,,left,,fw011963,,,isomorphic,,,
12711,8.21249977826049e+16,720575940615731818,167408.0,76248.0,3186.0,167408.0,76248.0,3186.0,7165178.0,intrinsic,visual_projection,,,,LC25,LC25,,,glutamate,0.751035464987332,glutamate,"Nern et al., 2024 (EASI-FISH)",right,,fw012974,FBbt_00111760,,isomorphic,,,
13402,8.21935800219735e+16,720575940629456860,167920.0,48968.0,4916.0,167920.0,48968.0,4916.0,7084695.0,intrinsic,visual_projection,,,,Nod1,,,,acetylcholine,0.837843279925384,acetylcholine,"Nern et al., 2024 (EASI-FISH)",right,,fw013660,,,isomorphic,,,
14217,7.63526307921993e+16,720575940607301131,83088.0,43648.0,6033.0,83088.0,43648.0,6033.0,1822657.0,intrinsic,visual_projection,,,15260.0,LC18,LC18,VPNp2,,acetylcholine,0.687014525098204,gaba-negative,"Ito et al., 2013 (immuno, lineage based)",left,,fw014472,FBbt_00111753,,isomorphic,,,
15613,7.74778431014369e+16,720575940629006587,99295.0,34094.0,2845.0,92344.0,37312.0,2523.0,2061582.0,intrinsic,central,,,17528.0,AVLP049,AVLP049,VLPd1,DPLam,acetylcholine,0.690470575615608,gaba-negative,"Ito et al., 2013 (immuno, lineage based)",left,,fw015868,FBbt_20000158,,isomorphic,,,
15621,8.15598490076504e+16,720575940620474582,159640.0,43192.0,5001.0,159640.0,43192.0,5001.0,6824934.0,intrinsic,central,Kenyon_Cell,KCab,11862.0,KCab,KCab-c,MBp2,MBp2,dopamine,0.498374838660556,"acetylcholine; sNPF; acetylcholine, sNPF","Barnstedt et al. 2016 (immuno, RNAi); Johard et al. (immuno); Aso et al. 2019 (scRNA-seq)",right,,fw015876,FBbt_00100248,,isomorphic,,,
16499,7.8111986298842e+16,720575940630202011,108831.0,46435.0,2062.0,101864.0,50264.0,1309.0,2470180.0,intrinsic,central,,,27954.0,CRE056,CRE056,EBa1,DALv2,glutamate,0.586257252807084,,,left,,fw016750,,,isomorphic,,,
16726,8.19108680943404e+16,720575940633989999,164448.0,30856.0,4672.0,164448.0,30856.0,4672.0,7059514.0,intrinsic,central,Kenyon_Cell,KCab,11862.0,KCab,KCab-c,MBp4,MBp4,dopamine,0.606719821298719,"acetylcholine; sNPF; acetylcholine, sNPF","Barnstedt et al. 2016 (immuno, RNAi); Johard et al. (immuno); Aso et al. 2019 (scRNA-seq)",right,,fw016978,FBbt_00100248,,isomorphic,,,
17278,8.04342239781959e+16,720575940627241321,143241.0,47416.0,4644.0,140872.0,46936.0,4836.0,5721667.0,efferent,descending,,,21027.0,DNpe054,DNp16/17,PSp2,CM5,serotonin,0.409910883305689,gaba-negative,"Ito et al., 2013 (immuno, lineage based)",right,CV,fw017530,FBbt_00047517,,isomorphic,,,
17689,7.83961416701366e+16,720575940637896893,113016.0,86360.0,4193.0,107456.0,81352.0,3793.0,3199163.0,efferent,descending,,,19691.0,DNge090,,LB7,LB7,acetylcholine,0.481062980811758,,,left,CV,fw017942,FBbt_00047516,,isomorphic,,,
19418,7.80408621096582e+16,720575940628072721,107896.0,34957.0,5239.0,99504.0,30216.0,4940.0,2351735.0,intrinsic,central,Kenyon_Cell,KCg,14292.0,KCg-m,KCg-m,MBp4,MBp4,dopamine,0.761969209758586,"acetylcholine; sNPF; acetylcholine, sNPF","Barnstedt et al. 2016 (immuno); Johard et al., 2008 (immuno); Aso et al. 2019 (scRNA-seq)",left,,fw019674,FBbt_00111061,,isomorphic,,,
20088,8.12772743847184e+16,720575940617143454,155381.0,26610.0,3716.0,153664.0,24088.0,3693.0,6282811.0,intrinsic,central,,,133419.0,CB2295,,CLp1_or_SLPpm2,DPLc4_or_DPLc2,acetylcholine,0.91742798413819,,,right,,fw020344,,,isomorphic,,,
20976,8.26872604070432e+16,720575940617311771,175495.0,66146.0,2178.0,175080.0,70768.0,1488.0,7432536.0,intrinsic,central,,,13401.0,CB2874,AVLP145,VLPl&p2_lateral,BLVp1_anterior,acetylcholine,0.495781418057176,,,right,,fw021235,,,isomorphic,,,
21421,7.83961416701351e+16,720575940627799802,113149.0,86218.0,4189.0,107504.0,80264.0,3992.0,3199173.0,efferent,descending,,,14801.0,DNg09,,LB7,LB7,acetylcholine,0.896180147766134,acetylcholine,"Cheong et al., 2023 (EASI-FISH)",left,CV,fw021681,FBbt_00047601,,isomorphic,,,
22326,7.90289102766995e+16,720575940613170385,122276.0,77567.0,1880.0,111232.0,80288.0,1479.0,3193100.0,intrinsic,central,,,12006.0,CB3242,,TRdm,TRdm,gaba,0.657841415164451,,,left,,fw022585,,,isomorphic,,,
23126,8.21223175222621e+16,720575940645044515,167215.0,35467.0,2043.0,169032.0,35336.0,1694.0,7071996.0,intrinsic,central,,,24395.0,CB3276,,SLPad1_anterior,DPLl3_anterior,acetylcholine,0.859928537652607,gaba-negative,"Ito et al., 2013 (immuno, lineage based)",right,,fw023383,,,isomorphic,,,
23394,7.77607614557399e+16,720575940630571148,103653.0,55135.0,5024.0,102944.0,56072.0,5533.0,2484448.0,intrinsic,central,,,10757.0,SMP566a,SMP566,VLPl&p1_posterior,BLVp2_posterior,acetylcholine,0.693212912589471,,,left,,fw023651,,,isomorphic,,,
23669,8.00814180506224e+16,720575940624920604,137208.0,33240.0,3765.0,137208.0,33240.0,3765.0,4982627.0,intrinsic,central,,,17776.0,CB3250,"CRE084,SMP474",DM1_antero_dorsal,DPMm1_antero_dorsal,acetylcholine,0.902017696390688,,,right,,fw023923,,,isomorphic,,,
24655,7.75479371692577e+16,720575940628847784,101226.0,29410.0,4573.0,94360.0,25656.0,4248.0,2046134.0,intrinsic,central,,,35364.0,SIP033,SIP033,SLPad1_posterior,DPLl3_posterior,glutamate,0.664197973895582,gaba-negative,"Ito et al., 2013 (immuno, lineage based)",left,,fw024910,FBbt_20002337,,isomorphic,,,
24952,7.84631432943763e+16,720575940610812258,114256.0,36032.0,5368.0,114256.0,36032.0,5368.0,3031011.0,intrinsic,central,Kenyon_Cell,KCab,11862.0,KCab,KCab-m,MBp2,MBp2,dopamine,0.613737791761533,"acetylcholine; sNPF; acetylcholine, sNPF","Barnstedt et al. 2016 (immuno, RNAi); Johard et al. (immuno); Aso et al. 2019 (scRNA-seq)",left,,fw025206,FBbt_00100248,,isomorphic,,,
25813,7.64935053838911e+16,720575940626887080,85318.0,46106.0,3424.0,82872.0,47840.0,2998.0,1807416.0,intrinsic,central,,,17356.0,CB1688,,VLPl2_posterior,BLAv2_posterior,acetylcholine,0.908768364174071,,,left,,fw026065,,,isomorphic,,fru,Cachero 2010: aIP-e;Yu 2010: aSP9
26821,7.73367619482808e+16,720575940633606625,97544.0,29024.0,2574.0,97544.0,29024.0,2574.0,2042727.0,intrinsic,central,,,32648.0,CB3218,,SLPad1_anterior,DPLl3_anterior,acetylcholine,0.893929826373145,gaba-negative,"Ito et al., 2013 (immuno, lineage based)",left,,fw027068,,,isomorphic,,,
27314,7.71971241059765e+16,720575940611807919,95812.0,44711.0,3284.0,91528.0,43456.0,2286.0,2084963.0,intrinsic,central,,,10897.0,CB4244,"AVLP245,AVLP247,AVLP248",VLPl&d1_dorsal,BLAv1_medial,acetylcholine,0.878289434739915,,,left,,fw027557,,,female-specific,,fru,Cachero 2010: aIP-c;Yu 2010: aIP1/aIP4/aSP10
27991,7.65631182138737e+16,720575940628884674,86591.0,35453.0,3490.0,86680.0,35360.0,3435.0,1765012.0,intrinsic,central,,,17316.0,CB2645,AVLP063,LHl2_ventral,DPLal2_ventral,glutamate,0.890982257686638,,,left,,fw028232,,,isomorphic,,,
28312,8.21249289291838e+16,720575940636806622,167360.0,74696.0,2335.0,167360.0,74696.0,2335.0,7161675.0,intrinsic,central,,,28211.0,CB1827,"LAL058,WED009",LALa1_posterior,BAlp2_posterior,acetylcholine,0.913217540993267,,,right,,fw028548,,,isomorphic,,,
29508,8.07152865710979e+16,720575940619169414,146361.0,41071.0,4250.0,142352.0,38728.0,4766.0,5661586.0,intrinsic,central,,,15269.0,CB3862,"SMP321,SMP322",DM3_dorso_lateral,DPMpm2_dorso_lateral,acetylcholine,0.596382371668489,,,right,,fw029734,,,isomorphic,,,
33252,8.2687397778871e+16,720575940616860161,175032.0,68032.0,1637.0,175032.0,68032.0,1637.0,7432364.0,intrinsic,central,,,19251.0,CB3613,,VLPl1_or_VLPl5,BLVa3_or_4,acetylcholine,0.698884671536753,,,right,,fw033438,,,isomorphic,,,
34035,8.05750987713555e+16,720575940616915174,144612.0,48950.0,3648.0,151128.0,49792.0,4996.0,6388844.0,intrinsic,central,,,,PLP230,PLP230,putative_primary,putative_primary,acetylcholine,0.82630955126468,,,right,,fw034216,FBbt_20001730,,isomorphic,,,
35417,7.81846917731485e+16,720575940618663838,110410.0,81502.0,3744.0,109416.0,81280.0,1803.0,3192130.0,efferent,descending,,,11063.0,DNge032,,MD3,MD3,acetylcholine,0.806804341009966,,,left,CV,fw035569,FBbt_00047516,,isomorphic,,,
35533,7.97996681959807e+16,720575940613009327,133720.0,28480.0,3750.0,133720.0,28480.0,3750.0,4941760.0,intrinsic,central,,,,IB116,IB116,putative_primary,putative_primary,gaba,0.74025688066772,,,right,,fw035681,FBbt_20001293,,isomorphic,,,
35735,7.88865927103808e+16,720575940621372933,119800.0,54264.0,5605.0,119800.0,54264.0,5605.0,3704866.0,intrinsic,central,,,,IB097,IB097,putative_primary,putative_primary,glutamate,0.788889780614684,,,left,,fw035876,FBbt_20001274,,isomorphic,,,
35795,8.12789920366262e+16,720575940627475985,155117.0,52178.0,1534.0,157920.0,52432.0,1147.0,6842678.0,intrinsic,central,,,25919.0,CRE070,CRE070,CREl1,DALv3,acetylcholine,0.826033067313496,,,right,,fw035936,FBbt_20001139,,isomorphic,,,
35798,8.05062418562524e+16,720575940608144732,143438.0,71997.0,4077.0,149592.0,88896.0,2411.0,6510374.0,intrinsic,central,,,,CB0677,hb2035544474,putative_primary,putative_primary,gaba,0.858417042523499,,,right,,fw035938,,,isomorphic,,,
37563,7.76185121386079e+16,720575940652993953,101629.0,32627.0,4776.0,83432.0,39368.0,5500.0,,intrinsic,central,,,32157.0,CB3555,LHPV4c1_c,SLPp&v1_posterior,DPLp2_anterior,glutamate,0.757984316193732,,,left,,fw037639,,,isomorphic,,,
37894,7.76183059134672e+16,720575940629574615,101819.0,29630.0,4573.0,97624.0,23594.0,4341.0,,intrinsic,central,,,30115.0,CB1006,,SLPad1_posterior,DPLl3_posterior,glutamate,0.880060537691927,gaba-negative,"Ito et al., 2013 (immuno, lineage based)",left,,fw037970,,,isomorphic,,,
38205,8.25452173826669e+16,720575940622937994,173779.0,46502.0,3101.0,180960.0,44000.0,2835.0,7653292.0,intrinsic,central,,,21283.0,CB1412,,VLPl4_dorsal,BLD3_dorsal,gaba,0.730193304016347,,,right,,fw038281,,,isomorphic,,,
38962,7.78293432249244e+16,720575940628394578,105279.0,28874.0,2840.0,108840.0,21648.0,2611.0,2956832.0,intrinsic,central,,,18638.0,SLP151,SLP151,LHd1,DPLd,acetylcholine,0.883103903246735,gaba-negative,"Ito et al., 2013 (immuno, lineage based)",left,,fw039029,FBbt_20002545,,isomorphic,,,
39961,7.95919294862198e+16,720575940623747984,130826.0,78751.0,5798.0,,,,,afferent,ascending,AN,AN_IPS_GNG,,AN_IPS_GNG_7,,,,acetylcholine,0.958843461728132,,,left,CV,fw040019,,,isomorphic,,,
40054,7.95920669251794e+16,720575940610610990,130503.0,81011.0,5798.0,,,,,afferent,ascending,AN,AN_multi,,AN_multi_56,,,,acetylcholine,0.633842925155568,,,left,CV,fw040111,,,isomorphic,,,
40084,7.95216981809958e+16,720575940625575592,129089.0,80934.0,5798.0,,,,,afferent,ascending,AN,AN_GNG,,AN_GNG_59,,,,acetylcholine,0.736414226514602,,,left,CV,fw040141,,,isomorphic,,,
40917,8.00844419760021e+16,720575940645007748,137591.0,77533.0,5798.0,,,,,afferent,sensory_ascending,AN,SA_DMT_DMetaN,,,,,,glutamate,0.545396600471699,,,right,CV,fw040974,,,isomorphic,,,
42069,7.96626418277794e+16,720575940606866377,131309.0,83903.0,5798.0,128711.0,85660.0,1936.0,,efferent,descending,,,,DNg103,,putative_primary,putative_primary,gaba,0.540989962972507,,,right,CV,fw042125,FBbt_00047516,,isomorphic,,,
42429,8.12800914804963e+16,720575940629275898,154863.0,69156.0,584.0,,,,,afferent,sensory,hygrosensory,dry,,HRN_VP4,HRN_VP4,,,acetylcholine,0.863129652050108,,,right,AN,fw042485,FBbt_00047225,,isomorphic,,,
44114,8.14910602744734e+16,720575940618759128,157876.0,66253.0,888.0,,,,,afferent,sensory,olfactory,,,ORN_VL2a,ORN_VL2a,,,acetylcholine,0.729549588568226,acetylcholine,"Yasuyama et al. 1999 (immuno); Carlsson et al., 2010 (immuno)",right,AN,fw044166,FBbt_00110007,,isomorphic,,fru,
46725,7.86778913910578e+16,720575940607058524,117447.0,90368.0,3598.0,,,,,afferent,sensory,mechanosensory,eye bristle,,BM_InOm,,,,acetylcholine,0.533099765698239,,,left,MxLbN,fw046779,,,isomorphic,,,
47008,7.881828528156e+16,720575940620691811,119006.0,84893.0,3189.0,,,,,afferent,sensory,mechanosensory,eye bristle,,BM_InOm,,,,acetylcholine,0.610233864481285,,,left,MxLbN,fw047062,,,isomorphic,,,
47828,8.02964412264726e+16,720575940629837628,140230.0,91614.0,3460.0,,,,,afferent,sensory,mechanosensory,eye bristle,,BM_InOm,,,,acetylcholine,0.606922201929461,,,right,MxLbN,fw047877,,,isomorphic,,,
49371,8.45172604079998e+16,720575940620785030,202531.0,72248.0,4684.0,212230.0,71768.0,4420.0,,intrinsic,visual_projection,,,,MeTu1,"MC61,MC64",,,acetylcholine,0.893145529664679,acetylcholine,"Nern et al., 2024 (EASI-FISH)",right,,fw049454,,,isomorphic,,,
50188,8.09287977168217e+16,720575940644611016,149637.0,77003.0,2152.0,,,,,afferent,sensory,mechanosensory,grooming,,JO-F,,,,serotonin,0.43628290656165,,,right,AN,fw050269,,,isomorphic,,,
50316,7.56507296540411e+16,720575940620123771,72984.0,70888.0,3081.0,72984.0,70888.0,3081.0,1333645.0,intrinsic,visual_projection,,,,TmY14,,,,glutamate,0.607030510407749,,,left,,fw063933,FBbt_00111286,,isomorphic,,,
50996,8.24771162474617e+16,720575940620972141,172368.0,80280.0,2370.0,172368.0,80280.0,2370.0,7164607.0,intrinsic,optic,ME,columnar,,Mi4,,,,gaba,0.846003553087614,"gaba, nitric oxide","Davis et al., 2020 (TAPIN)",right,,fw050898,,,isomorphic,,,
51208,7.76207799482676e+16,720575940621702383,101768.0,66728.0,5160.0,101768.0,66728.0,5160.0,2574636.0,intrinsic,optic,LO>ME,tangential,,LMt2,,,,glutamate,0.637966222337983,,,left,,fw051112,,,isomorphic,,,
51311,7.70588607201486e+16,720575940623901927,93656.0,82136.0,4889.0,93656.0,82136.0,4889.0,2142830.0,intrinsic,optic,ME>LOP,,,T4d,,,,acetylcholine,0.565316851165798,acetylcholine,Takemura et al. 2011 (RT-PCR),left,,fw051217,,,isomorphic,,,
51815,7.62141611133933e+16,720575940626707996,81728.0,77464.0,6365.0,81728.0,77464.0,6365.0,1570638.0,intrinsic,optic,ME>LOP,,,T4a,,,,acetylcholine,0.558206899686747,acetylcholine,Takemura et al. 2011 (RT-PCR),left,,fw051724,,,isomorphic,,,
54065,7.67068797613655e+16,720575940623255443,88488.0,80120.0,6191.0,88488.0,80120.0,6191.0,1960170.0,intrinsic,optic,ME>LOP,,,T4b,,,,acetylcholine,0.577289510918163,acetylcholine,Takemura et al. 2011 (RT-PCR),left,,fw053977,,,isomorphic,,,
54998,7.6495155054099e+16,720575940624707827,85520.0,70664.0,6599.0,85520.0,70664.0,6599.0,1944350.0,intrinsic,optic,ME>LOP,,,T4b,,,,acetylcholine,0.575392920011406,acetylcholine,Takemura et al. 2011 (RT-PCR),left,,fw054910,,,isomorphic,,,
55062,8.21961225082898e+16,720575940627179401,168328.0,87256.0,3938.0,168328.0,87256.0,3938.0,7212899.0,intrinsic,optic,ME>LOP,,,T4c,,,,acetylcholine,0.448780024398337,acetylcholine,Takemura et al. 2011 (RT-PCR),right,,fw054974,,,isomorphic,,,
55289,8.29690101949687e+16,720575940639195453,179552.0,69744.0,1950.0,179552.0,69744.0,1950.0,7436495.0,intrinsic,optic,ME>LO,,,Tm36,,,,acetylcholine,0.695661147575103,,,right,,fw055201,,,sexually dimorphic,"the male dendrites have an extra layer of arborisation in layer 3 of the ME, and also more arborisation in the LP",,
55575,7.64257483154403e+16,720575940624433225,84400.0,85424.0,6019.0,84400.0,85424.0,6019.0,1969132.0,intrinsic,optic,ME>LO,,,T2a,,,,acetylcholine,0.858154876058529,,,left,,fw055486,,,isomorphic,,,
56727,7.64951550539811e+16,720575940623110349,85720.0,70408.0,6510.0,85720.0,70408.0,6510.0,1944446.0,intrinsic,optic,ME>LOP,,,T4a,,,,acetylcholine,0.515660516913366,acetylcholine,Takemura et al. 2011 (RT-PCR),left,,fw056637,,,isomorphic,,,
56930,8.24775286311305e+16,720575940622684374,172904.0,86024.0,2893.0,172904.0,86024.0,2893.0,7477630.0,intrinsic,optic,ME,columnar,,Mi4,,,,gaba,0.883832353667276,"gaba, nitric oxide","Davis et al., 2020 (TAPIN)",right,,fw056840,,,isomorphic,,,
57837,8.254734755278e+16,720575940637376368,173576.0,77472.0,2417.0,173576.0,77472.0,2417.0,7461564.0,intrinsic,optic,ME>LO,,,Tm5f,,,,acetylcholine,0.864420736554975,,,right,,fw057748,,,isomorphic,,,
59284,8.31100912806194e+16,720575940614527594,181272.0,75328.0,1993.0,181272.0,75328.0,1993.0,7698009.0,intrinsic,optic,ME>LO,,,Tm9,,,,acetylcholine,0.726208832947906,acetylcholine,"Davis et al., 2020 (TAPIN)",right,,fw059195,,,isomorphic,,,
59881,8.2829097407082e+16,720575940635974263,177576.0,82312.0,2207.0,177576.0,82312.0,2207.0,7480102.0,intrinsic,optic,ME>LO,,,Tm5c,,,,glutamate,0.580530514290621,,,right,,fw059792,,,isomorphic,,,
60015,7.61415244250051e+16,720575940618248153,80264.0,44056.0,4703.0,80264.0,44056.0,4703.0,1499205.0,intrinsic,optic,ME,,,Pm03,,,,gaba,0.622638197833544,gaba,"Nern et al., 2024 (EASI-FISH)",left,,fw059926,,,isomorphic,,,
60016,7.76214670091303e+16,720575940622971141,101656.0,76992.0,4374.0,101656.0,76992.0,4374.0,2697766.0,intrinsic,optic,LO,,,Li11,,,,gaba,0.776025081085427,,,left,,fw059927,,,isomorphic,,,
61584,8.30380734703783e+16,720575940612793457,181072.0,50264.0,3473.0,181072.0,50264.0,3473.0,7671155.0,intrinsic,optic,ME,,,Pm08,,,,gaba,0.781606421035498,gaba,"Nern et al., 2024 (EASI-FISH)",right,,fw061497,,,isomorphic,,,
62252,8.33898483375113e+16,720575940614312379,185312.0,48776.0,2560.0,185312.0,48776.0,2560.0,7655001.0,intrinsic,optic,ME,,,Mi4,,,,gaba,0.847663221606397,"glutamate, gaba; glutamate","Davis et al., 2020 (TAPIN); Takemura et al., 2017 (immuno)",right,,fw062165,,,isomorphic,,,
62337,8.49385106662477e+16,720575940638926938,208138.0,57336.0,3691.0,220664.0,55072.0,4112.0,8748146.0,intrinsic,optic,LA>ME,L1-5,,L3,,,,acetylcholine,0.816138431839378,acetylcholine,"Davis et al., 2020 (TAPIN)",right,,fw062252,FBbt_00003720,,isomorphic,,,
62747,7.44548737897764e+16,720575940613331966,55328.0,76896.0,6582.0,55328.0,76896.0,6582.0,960275.0,intrinsic,optic,ME>LO,,,Tm21,,,,acetylcholine,0.855426284268139,,,left,,fw062664,,,isomorphic,,,
62755,8.36737284960008e+16,720575940621627930,189603.0,84648.0,2452.0,188240.0,85512.0,2328.0,7737109.0,intrinsic,optic,ME.LO,,,Tm32,,,,glutamate,0.874252567599357,,,right,,fw062672,,,isomorphic,,,
62839,7.5440104927749e+16,720575940628351482,70152.0,78008.0,6595.0,70152.0,78008.0,6595.0,1353311.0,intrinsic,optic,ME>LO,,,T2,,,,acetylcholine,0.777991108327752,acetylcholine,"Konstantinides et  al., 2018 (FACS RNA-seq))",left,,fw062756,,,isomorphic,,,
63213,7.55105420555872e+16,720575940611100484,71484.0,78510.0,3824.0,74256.0,82808.0,3174.0,1572527.0,intrinsic,optic,ME,columnar,,Mi1,,,,acetylcholine,0.554102595265461,acetylcholine,"Davis et al., 2020 (TAPIN)",left,,fw063133,,,isomorphic,,,
63360,8.57144222111858e+16,720575940603987390,219509.0,85255.0,3379.0,219472.0,85280.0,3379.0,8991184.0,intrinsic,optic,LA>ME,L1-5,,L4,,,,acetylcholine,0.631046210263217,acetylcholine,"Davis et al., 2020 (TAPIN)",right,,fw063280,FBbt_00003722,,isomorphic,,,
63984,7.55806362572694e+16,720575940623526292,72008.0,75200.0,6286.0,72008.0,75200.0,6286.0,1354625.0,intrinsic,optic,ME>LA,,,C3,,,,gaba,0.737033948887655,"gaba, nitric oxide","Davis et al., 2020 (TAPIN)",left,,fw063907,,,isomorphic,,,
64242,8.51494796611892e+16,720575940626580296,210904.0,55208.0,5275.0,210904.0,55208.0,5275.0,8470385.0,intrinsic,optic,ME,,,Dm3p,,,,glutamate,0.758398095712152,glutamate,"Davis et al., 2020 (TAPIN)",right,,fw064168,,,isomorphic,,,
64717,8.36026730263883e+16,720575940634890095,189056.0,75064.0,5743.0,189056.0,75064.0,5743.0,7932625.0,intrinsic,optic,LO>LOP,,,T5b,,,,acetylcholine,0.575105170600901,acetylcholine; acetylcholine,Mauss et al. 2014 (immuno); Shinomiya et al. 2014 (RT-PCR),right,,fw064644,,,isomorphic,,,
65033,7.56509358121613e+16,720575940629155177,73490.0,74276.0,2906.0,73480.0,74264.0,2908.0,1345848.0,intrinsic,optic,ME>LO.LOP,,,TmY15,,,,gaba,0.772157632779851,gaba,Takemura et al. 2017 (immuno),left,,fw064962,,,isomorphic,,,
65406,8.33894360877693e+16,720575940613230846,185376.0,42800.0,2980.0,185376.0,42800.0,2980.0,7655003.0,intrinsic,optic,ME>LO,,,Tm1,,,,acetylcholine,0.642444142644739,acetylcholine; tachykinin,"Davis et al., 2020 (TAPIN); Winther et al., 2003 (immuno)",right,,fw065338,,,isomorphic,,,
66284,8.33188613191667e+16,720575940607613653,184832.0,39936.0,3767.0,184832.0,39936.0,3767.0,7618715.0,intrinsic,optic,ME,columnar,,Mi4,,,,gaba,0.821300055532672,"gaba, nitric oxide","Davis et al., 2020 (TAPIN)",right,,fw066220,,,isomorphic,,,
66342,8.33906042515899e+16,720575940604435814,185792.0,60424.0,2274.0,185792.0,60424.0,2274.0,7679959.0,intrinsic,optic,ME,,,Dm3p,,,,gaba,0.493958119525417,glutamate,"Davis et al., 2020 (TAPIN)",right,,fw066278,,,isomorphic,,,
66379,7.57891308811453e+16,720575940619586982,75048.0,36272.0,4258.0,75048.0,36272.0,4258.0,1432973.0,intrinsic,optic,ME>LO,,,Tm5c,,,,glutamate,0.720936486877618,,,left,,fw066315,,,isomorphic,,,
67836,7.5299298316907e+16,720575940634994807,67768.0,76728.0,3221.0,67768.0,76728.0,3221.0,1347032.0,intrinsic,optic,ME>LO,,,Tm5a,,,,acetylcholine,0.870877682606905,,,left,,fw067785,,,isomorphic,,,
70381,8.37429294117845e+16,720575940617446939,191401.0,67729.0,5599.0,190680.0,66152.0,5868.0,7922244.0,intrinsic,optic,LOP,,,LPi07,,,,gaba,0.454881845153044,,,right,,fw070349,,,isomorphic,,,
71110,8.437707254122e+16,720575940620037205,200115.0,80402.0,3633.0,208616.0,85000.0,3801.0,8560408.0,intrinsic,optic,ME>LO,,,Tm20,,,,acetylcholine,0.676552223687515,acetylcholine,"Davis et al., 2020 (TAPIN)",right,,fw071085,,,isomorphic,,,
73942,8.37432726735716e+16,720575940640818083,191248.0,72783.0,2979.0,187280.0,75424.0,2019.0,7702983.0,intrinsic,optic,ME>LO,,,Tm5d,,,,glutamate,0.626701517151601,glutamate,"Nern et al., 2024 (EASI-FISH)",right,,fw073962,,,isomorphic,,,
74252,8.45870793297761e+16,720575940634707481,203132.0,63672.0,4581.0,219059.0,65463.0,4905.0,,intrinsic,optic,ME>LO,,,Tm2,,,,acetylcholine,0.729170192404156,acetylcholine,"Davis et al., 2020 (TAPIN)",right,,fw074273,,,isomorphic,,,
74331,8.37429290758267e+16,720575940637617129,190905.0,67537.0,2713.0,187336.0,69752.0,2090.0,7692736.0,intrinsic,optic,ME>LO.LOP,,,Tm27,,,,acetylcholine,0.849821444340118,acetylcholine,"Nern et al., 2024 (EASI-FISH)",right,,fw074353,,,isomorphic,,,
74589,8.40957351380119e+16,720575940632152524,195679.0,81919.0,4905.0,210448.0,89144.0,4487.0,8563666.0,intrinsic,optic,ME>LO,,,Tm1,,,,acetylcholine,0.754392460077152,acetylcholine; tachykinin,"Davis et al., 2020 (TAPIN); Winther et al., 2003 (immuno)",right,,fw074612,,,isomorphic,,,
75269,8.29682547503924e+16,720575940630829568,179821.0,58238.0,5474.0,184184.0,58680.0,5985.0,7682677.0,intrinsic,optic,LOP>ME.LO,,,Y3,,,,acetylcholine,0.822208174316238,,,right,,fw075292,,,isomorphic,,,
78689,8.416514187664e+16,720575940623081827,197071.0,67221.0,5439.0,203672.0,69728.0,5845.0,8164735.0,intrinsic,optic,ME>LA,,,C2,,,,acetylcholine,0.489721199324341,gaba,"Davis et al., 2020 (TAPIN)",right,,fw078720,,,isomorphic,,,
79264,7.62145045765995e+16,720575940612967651,81343.0,82737.0,5360.0,79072.0,85072.0,6383.0,1582157.0,intrinsic,optic,ME>LO,,,T2,,,,acetylcholine,0.83411503196324,acetylcholine,"Konstantinides et  al., 2018 (FACS RNA-seq))",left,,fw079299,,,isomorphic,,,
81865,7.50868178963074e+16,720575940634887871,64779.0,56239.0,4895.0,54312.0,57944.0,4477.0,928297.0,intrinsic,optic,ME>LO,,,Tm21,,,,acetylcholine,0.711373599192185,,,left,,fw081904,,,isomorphic,,,
83316,8.40246104798112e+16,720575940639645859,195117.0,70899.0,5084.0,195096.0,70880.0,5108.0,7919152.0,intrinsic,optic,ME>LA,,,C2,,,,gaba,0.331628119482468,gaba,"Davis et al., 2020 (TAPIN)",right,,fw083360,,,isomorphic,,,
84273,7.52279675675851e+16,720575940632787916,66609.0,62774.0,4052.0,71272.0,59496.0,3227.0,1321021.0,intrinsic,optic,ME>LO.LOP,,,TmY4,,,,acetylcholine,0.784426495925496,acetylcholine,Konstantinides et al. 2022 (sc-RNAseq),left,,fw084317,,,isomorphic,,,
85337,7.51562245676163e+16,720575940629577342,66337.0,42018.0,4713.0,69664.0,39480.0,4374.0,1244142.0,intrinsic,optic,ME,,,Mi2,,,,glutamate,0.461068989202079,,,left,,fw085382,,,isomorphic,,,
86222,7.45956110767943e+16,720575940626493186,57287.0,76435.0,5034.0,48952.0,80464.0,5235.0,665091.0,intrinsic,optic,ME>LO,,,Tm4,,,,acetylcholine,0.616785454465357,acetylcholine,"Davis et al., 2020 (TAPIN)",left,,fw086268,,,isomorphic,,,
86468,7.5579124093675e+16,720575940617515988,72038.0,51846.0,4032.0,75128.0,46880.0,3534.0,1491454.0,intrinsic,optic,ME>LO,,,Tm9,,,,acetylcholine,0.784731611113682,acetylcholine,"Davis et al., 2020 (TAPIN)",left,,fw086514,,,isomorphic,,,
86650,7.45956110767783e+16,720575940630126848,57764.0,76635.0,5014.0,47032.0,80024.0,5275.0,663739.0,intrinsic,optic,ME>LO,,,Tm21,,,,acetylcholine,0.654657608264893,,,left,,fw086696,,,isomorphic,,,
86779,7.45952676803399e+16,720575940613752360,57619.0,71330.0,6263.0,49016.0,72696.0,6325.0,613483.0,intrinsic,optic,ME>LO,,,Tm4,,,,acetylcholine,0.708422912159765,acetylcholine,"Davis et al., 2020 (TAPIN)",left,,fw086825,,,isomorphic,,,
86948,7.62848046013628e+16,720575940621607334,81910.0,82421.0,5397.0,67264.0,90352.0,4781.0,1363329.0,intrinsic,optic,ME,,,Pm09,,,,gaba,0.721619605724695,gaba; allatostatin-a,"Davis et al., 2020 (TAPIN); Vitzthum et al., 1996 (immuno)",left,,fw086995,,,isomorphic,,,
88147,7.550882400183e+16,720575940610111171,71495.0,53714.0,3564.0,77673.0,52800.0,3283.0,,intrinsic,optic,ME,,,Mi15,,,,acetylcholine,0.490374047626234,"acetylcholine, nitric oxide, dopamine","Davis et al., 2020 (TAPIN)",left,,fw088195,,,isomorphic,,,
88184,8.38125421741744e+16,720575940638009919,191877.0,56802.0,4767.0,188768.0,59720.0,5850.0,7902740.0,intrinsic,optic,ME>LOP,,,T4b,,,,acetylcholine,0.584477003464196,acetylcholine,Takemura et al. 2011 (RT-PCR),right,,fw088233,,,isomorphic,,,
92261,8.35303112162833e+16,720575940619386430,188267.0,45376.0,4403.0,188760.0,40488.0,3818.0,7835006.0,intrinsic,optic,ME,,,Mi13,,,,glutamate,0.489561692338901,,,right,,fw092309,,,isomorphic,,,
93429,8.37445783432463e+16,720575940624715244,191246.0,92797.0,2705.0,191232.0,92824.0,2703.0,7950990.0,intrinsic,optic,ME>LO,,,Tm20,,,,acetylcholine,0.64051106225762,acetylcholine,"Davis et al., 2020 (TAPIN)",right,,fw093476,,,isomorphic,,,
94628,7.52283111649264e+16,720575940617950977,67429.0,67547.0,4016.0,69864.0,66360.0,3042.0,1332137.0,intrinsic,optic,ME>LO.LOP,,,Tm27,,,,acetylcholine,0.846513330721211,acetylcholine,"Nern et al., 2024 (EASI-FISH)",left,,fw094678,,,isomorphic,,,
95114,7.48766738035033e+16,720575940618429853,62027.0,71180.0,5359.0,49536.0,77912.0,4987.0,949885.0,intrinsic,optic,ME,,,Dm2,,,,acetylcholine,0.864340179224877,,,left,,fw095165,,,isomorphic,,,
95560,8.44450362379686e+16,720575940612980082,200687.0,43676.0,4688.0,202560.0,45984.0,2680.0,8075345.0,intrinsic,optic,LA>ME,L1-5,,L5,,,,acetylcholine,0.713769488569647,acetylcholine,"Davis et al., 2020 (TAPIN)",right,,fw095611,FBbt_00003725,,isomorphic,,,
95649,7.63548983336137e+16,720575940619554880,83228.0,77624.0,4546.0,77816.0,81872.0,6097.0,1564991.0,intrinsic,optic,ME>LA,,,C3,,,,gaba,0.79537613268455,"gaba, nitric oxide","Davis et al., 2020 (TAPIN)",left,,fw095700,,,isomorphic,,,
96053,8.3322022281124e+16,720575940615644066,184385.0,87503.0,2960.0,183736.0,91736.0,2712.0,7755198.0,intrinsic,optic,ME>LO,,,Tm20,,,,acetylcholine,0.552109406173742,acetylcholine,"Davis et al., 2020 (TAPIN)",right,,fw096104,,,isomorphic,,,
97009,8.37430665152981e+16,720575940612191194,191175.0,69579.0,3087.0,187224.0,67576.0,2111.0,7692725.0,intrinsic,optic,ME,,,Mi13,,,,gaba,0.652991316443054,,,right,,fw097061,,,isomorphic,,,
97190,7.62123743401598e+16,720575940645519214,81202.0,51281.0,6044.0,77196.0,54563.0,6821.0,,intrinsic,optic,LO>LOP,,,T5a,,,,acetylcholine,0.532857878883206,acetylcholine; acetylcholine,Mauss et al. 2014 (immuno); Shinomiya et al. 2014 (RT-PCR),left,,fw097243,,,isomorphic,,,
98840,7.41027548554847e+16,720575940637222256,50967.0,72488.0,4021.0,56588.0,78983.0,2884.0,,intrinsic,optic,LA>ME,L1-5,,L3,,,,acetylcholine,0.784818416161389,acetylcholine,"Davis et al., 2020 (TAPIN)",left,,fw098892,FBbt_00003720,,isomorphic,,,
99092,7.55785744045286e+16,720575940623329160,72319.0,44163.0,4220.0,76192.0,38792.0,4188.0,1433714.0,intrinsic,optic,ME>LO.LOP,,,TmY3,,,,acetylcholine,0.631005171194619,acetylcholine,"Davis et al., 2020 (TAPIN)",left,,fw099144,,,isomorphic,,,
99517,7.5370491829204e+16,720575940625000947,69024.0,89187.0,4390.0,69024.0,89184.0,4387.0,1363585.0,intrinsic,optic,ME,,,Mi13,,,,gaba,0.490780759504435,,,left,,fw099571,,,isomorphic,,,
100616,8.44475784565286e+16,720575940639182313,201281.0,82050.0,2020.0,203920.0,80680.0,1695.0,8186790.0,intrinsic,optic,LA>ME,L1-5,,L3,,,,acetylcholine,0.844857292699166,acetylcholine,"Davis et al., 2020 (TAPIN)",right,,fw100673,FBbt_00003720,,isomorphic,,,
100666,7.52992300004523e+16,720575940626105018,68279.0,76048.0,6603.0,60792.0,79120.0,6723.0,1159843.0,intrinsic,optic,ME>LO,,,T3,,,,acetylcholine,0.845053512243331,acetylcholine,"Konstantinides et  al., 2018 (FACS RNA-seq))",left,,fw100723,,,isomorphic,,,
100739,8.43063601328675e+16,720575940614602671,199471.0,74579.0,3347.0,199472.0,81136.0,2961.0,8193463.0,intrinsic,optic,ME,,,Dm3q,,,,glutamate,0.562494102143171,glutamate,"Davis et al., 2020 (TAPIN)",right,,fw100796,,,isomorphic,,,
101775,8.47984605743181e+16,720575940624325629,205946.0,67319.0,5519.0,207608.0,71008.0,5749.0,8523610.0,intrinsic,optic,ME,,,pDm8,,,,glutamate,0.503565078101568,glutamate,"Davis et al., 2020 (TAPIN)",right,,fw101832,,,isomorphic,,,
102115,8.24772538208866e+16,720575940635748344,172036.0,81797.0,3568.0,200464.0,95464.0,4559.0,8255771.0,intrinsic,optic,LO,,,Li06,,,,acetylcholine,0.784085654701321,,,right,,fw102173,,,isomorphic,,,
103441,8.50085359476463e+16,720575940626377060,209190.0,52510.0,5012.0,210272.0,53288.0,5527.0,8469635.0,intrinsic,optic,ME>LO,,,Tm3,,,,acetylcholine,0.839747200926505,acetylcholine,"Davis et al., 2020 (TAPIN)",right,,fw103499,,,isomorphic,,,
104116,7.46650864679713e+16,720575940625376776,59169.0,63580.0,5121.0,42992.0,67024.0,5322.0,594012.0,intrinsic,optic,ME>LO,,,Tm25,,,,acetylcholine,0.678915257549496,acetylcholine,"Nern et al., 2024 (EASI-FISH)",left,,fw104175,,,isomorphic,,,
104212,7.57907802157875e+16,720575940632256843,75288.0,60610.0,4728.0,67528.0,62704.0,6595.0,1324872.0,intrinsic,optic,ME>LA,,,C3,,,,gaba,0.779904151817053,"gaba, nitric oxide","Davis et al., 2020 (TAPIN)",left,,fw104271,,,isomorphic,,,
104532,7.46652239739477e+16,720575940634922391,58668.0,65398.0,5621.0,45752.0,69336.0,5590.0,597425.0,intrinsic,optic,ME>LO,,,Tm5f,,,,acetylcholine,0.68374703697304,,,left,,fw104591,,,isomorphic,,,
104612,7.43832679604945e+16,720575940631651882,54740.0,58344.0,5310.0,46728.0,57072.0,5538.0,535975.0,intrinsic,optic,ME>LO,,,Tm5c,,,,glutamate,0.515684699562898,,,left,,fw104671,,,isomorphic,,,
105385,7.56517606472938e+16,720575940623685779,73586.0,86123.0,4258.0,69332.0,91408.0,4021.0,,intrinsic,optic,ME>LO,,,Tm4,,,,acetylcholine,0.807846658278818,acetylcholine,"Davis et al., 2020 (TAPIN)",left,,fw105442,,,isomorphic,,,
106017,8.36709111988172e+16,720575940627563653,190112.0,43560.0,4049.0,185920.0,40280.0,4186.0,7632492.0,intrinsic,optic,ME,,,Mi4,,,,gaba,0.840989616219271,"glutamate, gaba; glutamate","Davis et al., 2020 (TAPIN); Takemura et al., 2017 (immuno)",right,,fw106073,,,isomorphic,,,
106348,7.38204553119259e+16,720575940614754344,46413.0,60435.0,4371.0,41984.0,61456.0,3945.0,545443.0,intrinsic,optic,LA>ME,L1-5,,L3,,,,acetylcholine,0.792216731276393,acetylcholine,"Davis et al., 2020 (TAPIN)",left,,fw106404,FBbt_00003720,,isomorphic,,,
106875,8.53626472097475e+16,720575940660372609,214700.0,86628.0,3331.0,221208.0,84112.0,3331.0,8993416.0,intrinsic,optic,LA>ME,L1-5,,L2,,,,acetylcholine,0.834663623838532,acetylcholine,"Davis et al., 2020 (TAPIN)",right,,fw106931,FBbt_00003720,,isomorphic,,,
106901,8.29702474139232e+16,720575940622379760,179682.0,87703.0,3972.0,190216.0,95496.0,2969.0,7950337.0,intrinsic,optic,ME>LO,,,Tm5b,,,,acetylcholine,0.822021309252291,,,right,,fw106957,,,isomorphic,,,
106953,7.51567056043313e+16,720575940613803757,66179.0,48788.0,5027.0,68688.0,41672.0,4012.0,1276594.0,intrinsic,optic,ME>LO,,,Tm5b,,,,acetylcholine,0.829774715250279,,,left,,fw107009,,,isomorphic,,,
107254,7.57907112954582e+16,720575940617678804,75576.0,59317.0,3527.0,79096.0,58992.0,2809.0,1533270.0,intrinsic,optic,ME,columnar,,Mi4,,,,gaba,0.606179716313619,"gaba, nitric oxide","Davis et al., 2020 (TAPIN)",left,,fw107311,,,isomorphic,,,
107703,8.40246789302383e+16,720575940612883710,194738.0,72232.0,2589.0,222616.0,73000.0,3433.0,9141485.0,intrinsic,optic,LA>ME,L1-5,,L5,,,,acetylcholine,0.614290290639411,acetylcholine,"Davis et al., 2020 (TAPIN)",right,,fw107760,FBbt_00003725,,isomorphic,,,
108294,7.55813232509113e+16,720575940613850349,71821.0,84615.0,4883.0,64888.0,88769.0,4637.0,,intrinsic,optic,ME,,,Mi9,,,,glutamate,0.495483134199945,"glutamate, gaba; glutamate","Davis et al., 2020 (TAPIN); Takemura et al., 2017 (immuno)",left,,fw108353,,,isomorphic,,,
108648,7.61439982596222e+16,720575940620183381,79913.0,81429.0,4622.0,71704.0,86968.0,3666.0,1360969.0,intrinsic,optic,ME>LO,,,Tm5d,,,,glutamate,0.658484401392914,glutamate,"Nern et al., 2024 (EASI-FISH)",left,,fw108708,,,isomorphic,,,
109534,8.32497981783195e+16,720575940628306408,183881.0,59657.0,3584.0,184232.0,54432.0,2353.0,7669278.0,intrinsic,optic,ME>LO.LOP,,,TmY11,,,,acetylcholine,0.840405242515741,acetylcholine,Varija Raghu et al. 2011 (MARCM),right,,fw109597,,,isomorphic,,,
110178,7.42430801612829e+16,720575940629329738,52222.0,66270.0,5118.0,45192.0,68128.0,5474.0,597074.0,intrinsic,optic,ME,columnar,,Mi4,,,,gaba,0.850710267553122,"gaba, nitric oxide","Davis et al., 2020 (TAPIN)",left,,fw110240,,,isomorphic,,,
111721,7.45237992903853e+16,720575940630554412,56524.0,55301.0,5295.0,52744.0,61936.0,3258.0,924181.0,intrinsic,optic,LA>ME,L1-5,,L3,,,,acetylcholine,0.844257244595933,acetylcholine,"Davis et al., 2020 (TAPIN)",left,,fw111793,FBbt_00003720,,isomorphic,,,
113122,7.69881485797963e+16,720575940640180541,92232.0,76808.0,6277.0,92232.0,76808.0,6277.0,2147658.0,intrinsic,optic,LOP>ME.LO,,,Y11,,,,glutamate,0.657384694148262,glutamate,"Nern et al., 2024 (EASI-FISH)",left,,fw113202,,,isomorphic,,,
113861,8.29674988361501e+16,720575940627582525,179792.0,47016.0,5481.0,179792.0,47016.0,5481.0,7384547.0,intrinsic,optic,ME>LOP,,,T4d,,,,acetylcholine,0.465386244250403,acetylcholine,Takemura et al. 2011 (RT-PCR),right,,fw113942,,,isomorphic,,,
114175,8.21955726851394e+16,720575940617175669,167864.0,78648.0,3126.0,167864.0,78648.0,3126.0,7165231.0,intrinsic,optic,LO,,,Li05,,,,acetylcholine,0.857795778240374,,,right,,fw114256,,,isomorphic,,,
114278,7.67066045478501e+16,720575940644227528,88944.0,76024.0,3602.0,88944.0,76024.0,3602.0,1952868.0,intrinsic,optic,ME,tangential,,Sm19,,,,acetylcholine,0.374677550229934,,,left,,fw114359,,,isomorphic,,,
114608,7.52279677688485e+16,720575940629971791,66826.0,62412.0,5560.0,42992.0,67240.0,5153.0,586653.0,intrinsic,optic,ME>LO,,,Tm16,,,,acetylcholine,0.831629211557043,acetylcholine,"Nern et al., 2024 (EASI-FISH)",left,,fw114689,,,isomorphic,,,
114968,7.58614241065369e+16,720575940618314937,76651.0,64141.0,6938.0,76528.0,64376.0,6907.0,1540455.0,intrinsic,optic,LO>LOP,,,T5b,,,,acetylcholine,0.567995522487956,acetylcholine; acetylcholine,Mauss et al. 2014 (immuno); Shinomiya et al. 2014 (RT-PCR),left,,fw115050,,,isomorphic,,,
115284,8.40251603027761e+16,720575940618910621,194661.0,78635.0,5617.0,192888.0,77992.0,5894.0,7935401.0,intrinsic,optic,ME>LOP,,,T4a,,,,acetylcholine,0.729541408222931,acetylcholine,Takemura et al. 2011 (RT-PCR),right,,fw115368,,,isomorphic,,,
117058,8.4026191094357e+16,720575940624016362,194757.0,94252.0,5188.0,189960.0,91736.0,5389.0,7959974.0,intrinsic,optic,ME>LO,,,Tm4,,,,acetylcholine,0.803272306927654,acetylcholine,"Davis et al., 2020 (TAPIN)",right,,fw117146,,,isomorphic,,,
117943,7.51567054700629e+16,720575940623777930,65960.0,48938.0,3975.0,69432.0,48136.0,3744.0,1276827.0,intrinsic,optic,ME,,,Dm3p,,,,glutamate,0.632186746267499,glutamate,"Davis et al., 2020 (TAPIN)",left,,fw118032,,,isomorphic,,,
118086,8.48688293183035e+16,720575940613299882,207531.0,67300.0,5382.0,213768.0,68256.0,5274.0,8875344.0,intrinsic,optic,ME>LO.LOP,,,TmY9q,,,,acetylcholine,0.85278304620026,,,right,,fw118175,,,isomorphic,,,
118503,7.47356612361729e+16,720575940621118293,60189.0,66328.0,3985.0,68936.0,68448.0,2944.0,1331270.0,intrinsic,optic,ME>LA,,,Lawf2,,,,acetylcholine,0.913097662253847,"acetylcholine, nitric oxide","Davis et al., 2020 (TAPIN)",left,,fw118591,,,isomorphic,,,
118688,7.42434236241521e+16,720575940635066263,53125.0,71316.0,3894.0,57848.0,76464.0,2988.0,1141679.0,intrinsic,optic,LA>ME,L1-5,,L4,,,,acetylcholine,0.38798562829686,acetylcholine,"Davis et al., 2020 (TAPIN)",left,,fw118777,FBbt_00003722,,isomorphic,,,
120054,7.59316553447552e+16,720575940615012775,77013.0,62580.0,6518.0,53472.0,70336.0,4358.0,938468.0,intrinsic,optic,LOP,,,LPi09,,,,gaba,0.533070425832237,,,left,,fw120147,,,isomorphic,,,
120091,8.37447846360207e+16,720575940631641851,191069.0,95498.0,3814.0,200248.0,96248.0,3864.0,8250071.0,intrinsic,optic,ME>LA,,,T1,,,,gaba,0.417516113759327,"acetylcholine-negative, glutamate-negative, gaba-negative, dopamine-negative, serotonin-negative, octopamine-negative","Davis et al., 2020 (TAPIN)",right,,fw120184,,,isomorphic,,,
120495,7.67771794509168e+16,720575940627373342,90000.0,79224.0,3950.0,90000.0,79224.0,3950.0,1953713.0,intrinsic,optic,ME>LO,,,MLt2,,,,acetylcholine,0.837145868253816,,,left,,fw120590,,,isomorphic,,,
121376,7.56511421719167e+16,720575940615537810,73585.0,76885.0,4194.0,73478.0,81211.0,3432.0,,intrinsic,optic,ME,,,pDm8,,,,glutamate,0.530011922448997,glutamate,"Davis et al., 2020 (TAPIN)",left,,fw121473,,,isomorphic,,,
121420,7.49449809637438e+16,720575940650330233,62947.0,40164.0,5600.0,64599.0,37931.0,5455.0,,intrinsic,optic,ME>LO,,,Tm5c,,,,glutamate,0.462452187356891,,,left,,fw121518,,,isomorphic,,,
121704,7.51572553598815e+16,720575940621413291,65637.0,57028.0,4832.0,55203.0,57620.0,4392.0,,intrinsic,optic,ME>LO,,,Tm8b,,,,acetylcholine,0.885684627197185,,,left,,fw121801,,,isomorphic,,,
121854,7.43135865453307e+16,720575940619583099,53313.0,68654.0,6374.0,50811.0,69318.0,6539.0,,intrinsic,optic,ME,,,Dm15,,,,gaba,0.572141859975606,glutamate,"Nern et al., 2024 (EASI-FISH)",left,,fw121951,,,isomorphic,,,
122478,8.5078835703962e+16,720575940618154726,210572.0,51198.0,3037.0,,,,,afferent,sensory,visual,,,R1-6,,,,acetylcholine,0.537125085433588,histamine,"Davis et al., 2020 (TAPIN)",right,,fw122577,,,isomorphic,,,
122713,8.54327410757826e+16,720575940630772279,214970.0,81911.0,3157.0,,,,,afferent,sensory,visual,,,R1-6,,,,acetylcholine,0.373066842344908,histamine,"Davis et al., 2020 (TAPIN)",right,,fw122813,,,isomorphic,,,
123410,7.97289557874555e+16,720575940625031916,132685.0,23300.0,3348.0,,,,,afferent,sensory,visual,ocellar,,,,,,serotonin,0.331568873750972,,,center,OCN,fw123510,FBbt_00004242,,isomorphic,,,
124011,8.49398162694088e+16,720575940615318178,208685.0,77259.0,3335.0,,,,,afferent,sensory,visual,,,R7,,,,gaba,0.453194073921846,histamine,"Davis et al., 2020 (TAPIN)",right,,fw124110,,,isomorphic,,,
124189,8.395589080166e+16,720575940650462841,193972.0,95482.0,3462.0,,,,,afferent,sensory,visual,,,R7,,,,glutamate,0.619437493339203,histamine,"Davis et al., 2020 (TAPIN)",right,,fw124288,,,isomorphic,,,
125561,8.48675233128299e+16,720575940630861372,207090.0,48744.0,2912.0,,,,,afferent,sensory,visual,,,R1-6,,,,glutamate,0.482857970276942,histamine,"Davis et al., 2020 (TAPIN)",right,,fw125660,,,isomorphic,,,
126400,7.48045181515068e+16,720575940635590810,60664.0,44260.0,3741.0,,,,,afferent,sensory,visual,,,R1-6,,,,acetylcholine,0.394171541360103,histamine,"Davis et al., 2020 (TAPIN)",left,,fw126503,,,isomorphic,,,
127115,8.47974984342492e+16,720575940612744410,206000.0,53848.0,4762.0,212161.0,56390.0,4799.0,,intrinsic,optic,ME,,,Mi2,,,,gaba,0.433781794696489,,,right,,fw127218,,,isomorphic,,,
128181,7.51587672553824e+16,720575940624215078,65996.0,80433.0,5264.0,55970.0,84973.0,5119.0,,intrinsic,optic,ME,,,Sm02,,,,acetylcholine,0.78098910415489,,,left,,fw128286,,,isomorphic,,,
128378,7.5722060672019e+16,720575940660803201,74659.0,85608.0,4279.0,70427.0,85904.0,3818.0,,intrinsic,optic,ME,,,Dm3p,,,,glutamate,0.725280896373167,glutamate,"Davis et al., 2020 (TAPIN)",left,,fw128483,,,isomorphic,,,
129598,7.4382855442326e+16,720575940631117111,54604.0,52099.0,3799.0,,,,,afferent,sensory,visual,,,R1-6,,,,acetylcholine,0.648888468742371,histamine,"Davis et al., 2020 (TAPIN)",left,,fw129705,,,isomorphic,,,
130116,7.42437672214226e+16,720575940618423993,52182.0,76851.0,3797.0,,,,,afferent,sensory,visual,,,R1-6,,,,acetylcholine,0.663610390373309,histamine,"Davis et al., 2020 (TAPIN)",left,,fw130223,,,isomorphic,,,
130219,7.41006933377729e+16,720575940623253974,50849.0,42560.0,4164.0,,,,,afferent,sensory,visual,,,R1-6,,,,glutamate,0.587277602215634,histamine,"Davis et al., 2020 (TAPIN)",left,,fw130326,,,isomorphic,,,
131078,7.39609179220448e+16,720575940632011871,49014.0,56386.0,4141.0,,,,,afferent,sensory,visual,,,R1-6,,,,glutamate,0.474940599061427,histamine,"Davis et al., 2020 (TAPIN)",left,,fw131185,,,isomorphic,,,
131138,7.43122118204118e+16,720575940638960100,53923.0,48373.0,3910.0,,,,,afferent,sensory,visual,,,R1-6,,,,acetylcholine,0.38388497545791,histamine,"Davis et al., 2020 (TAPIN)",left,,fw131245,,,isomorphic,,,
134283,8.35336096839643e+16,720575940645081288,187821.0,94379.0,3791.0,181800.0,91344.0,5102.0,7780901.0,intrinsic,optic,ME>LA,,,C2,,,,gaba,0.628031367421042,gaba,"Davis et al., 2020 (TAPIN)",right,,fw134391,,,isomorphic,,,
135567,7.48762612853006e+16,720575940645859863,61907.0,64792.0,3802.0,,,,,afferent,sensory,visual,,,R7,,,,gaba,0.465156244244469,histamine,"Davis et al., 2020 (TAPIN)",left,,fw135675,,,isomorphic,,,
135659,7.35386368049236e+16,720575940633146449,42548.0,55332.0,4872.0,,,,,afferent,sensory,visual,DRA,,R8,,,,acetylcholine,0.394254937818324,"histamine; acetylcholine, histamine","Sarthy 1991 (immuno); Davis et al., 2020 (TAPIN)",left,,fw135767,,,isomorphic,,,
135881,7.61448229598197e+16,720575940630510842,79935.0,93069.0,4736.0,79864.0,92992.0,4713.0,1606676.0,intrinsic,optic,ME>LO,,,Tm20,,,,acetylcholine,0.729346367068288,acetylcholine,"Davis et al., 2020 (TAPIN)",left,,fw135989,,,isomorphic,,,
136296,8.4096422198334e+16,720575940622107558,195995.0,92699.0,3717.0,191904.0,95312.0,3163.0,7955233.0,intrinsic,optic,ME,,,Dm9,,,,acetylcholine,0.44749574095503,glutamate,"Davis et al., 2020 (TAPIN)",right,,fw136406,,,isomorphic,,,
136424,7.48763988583047e+16,720575940613218802,61878.0,66483.0,4692.0,52024.0,69368.0,4440.0,938145.0,intrinsic,optic,ME,,,Mi2,,,,gaba,0.475795710972876,,,left,,fw136535,,,isomorphic,,,
136707,7.45945802174704e+16,720575940633192588,58140.0,61588.0,4441.0,45568.0,65088.0,4884.0,556651.0,intrinsic,optic,ME>LO,,,Tm20,,,,acetylcholine,0.621583841232909,acetylcholine,"Davis et al., 2020 (TAPIN)",left,,fw136819,,,isomorphic,,,
137341,7.43847110692663e+16,720575940631620601,54929.0,80428.0,5139.0,,,,,afferent,sensory,visual,,,R8,,,,acetylcholine,0.505172889754497,"histamine; acetylcholine, histamine","Sarthy 1991 (immuno); Davis et al., 2020 (TAPIN)",left,,fw137458,,,isomorphic,,,
139222,8.38826359731958e+16,720575940639303494,193323.0,52549.0,4130.0,183840.0,42176.0,4244.0,7660419.0,intrinsic,optic,,,,MTe05,,,,acetylcholine,0.849726265872294,,,right,,fw049084,,,isomorphic,,,
